{"cross_entropy/train": 0.9909732341766357, "_timestamp": 1650410900, "_runtime": 2012, "_step": 8000, "images/from_noise": {"_type": "image-file", "path": "media/images/images/from_noise_8000_77a6ca75e3586dd3e7ba.png", "sha256": "77a6ca75e3586dd3e7bad0761aae95a870b061d9711f846c8b8811682788822b", "size": 136709, "format": "png", "width": 342, "height": 342}, "cross_entropy/valid": 1.6050169830322265, "accuracy/valid": 0.48009997606277466, "_wandb": {"runtime": 2012}}