{"loss/train": 976.6131591796875, "_timestamp": 1650397305, "_runtime": 559, "lr/train": 6.95e-06, "_step": 138, "images/from_noise": {"_type": "image-file", "path": "media/images/images/from_noise_100_2690feaaaa7cad211c4b.png", "sha256": "2690feaaaa7cad211c4bb2a1e65c12a06ae37b3d8234b019906e36cc7dffc1a7", "size": 31423, "format": "png", "width": 342, "height": 342}, "loss/valid_loader": 1005.7751733398437, "_wandb": {"runtime": 560}}