{"loss/train": 1000.4872436523438, "_timestamp": 1650394866, "_runtime": 128, "lr/train": 5.200000000000001e-06, "_step": 103, "_wandb": {"runtime": 128}}