{"loss/train": 13.755237579345703, "_timestamp": 1650407807, "_runtime": 10392, "lr/train": 0.0002, "_step": 8000, "images/from_noise": {"_type": "image-file", "path": "media/images/images/from_noise_8000_1d799cf62d8febd8fb3c.png", "sha256": "1d799cf62d8febd8fb3caa7bcc91a452b1496a125d060b6138db288aa859d52c", "size": 139353, "format": "png", "width": 342, "height": 342}, "loss/valid_loader": 15.578295745849609, "_wandb": {"runtime": 10394}}